Organization URL,Organization Name,Twitter URL,Twitter Image Address,Field 5
marketsinsider.com,Markets Insider,https://twitter.com/MktsInsider,https://pbs.twimg.com/profile_images/1365402368393773059/n_coe4yF_400x400.jpg,
reddit.com,reddit,https://twitter.com/Reddit?ref_src=twsrc%5Egoogle%7Ctwcamp%5Eserp%7Ctwgr%5Eauthor,https://pbs.twimg.com/profile_images/1333471260483801089/OtTAJXEZ_400x400.jpg,
reddit.com,Quora,https://twitter.com/Quora?ref_src=twsrc%5Egoogle%7Ctwcamp%5Eserp%7Ctwgr%5Eauthor,https://pbs.twimg.com/profile_images/1462834614087532549/Hz0hSqvy_400x400.jpg,
en.wikipedia.org,wikipedia,https://twitter.com/Wikipedia?ref_src=twsrc%5Egoogle%7Ctwcamp%5Eserp%7Ctwgr%5Eauthor,https://pbs.twimg.com/profile_images/1018552942670966784/0Zflj6Y__400x400.jpg,
yelp.com,Yelp,https://twitter.com/Yelp,https://pbs.twimg.com/profile_images/1424453349122875398/fF_IYutR_400x400.png,
play.google.com,Google Play,https://twitter.com/GooglePlay?ref_src=twsrc%5Egoogle%7Ctwcamp%5Eserp%7Ctwgr%5Eauthor,https://pbs.twimg.com/profile_images/1455293572001910789/WSxOmUaQ_400x400.jpg,
apps.apple.com,N/A,N/A,N/A,
merriam-webster.com,Merriam-Webster,https://twitter.com/merriamwebster,https://pbs.twimg.com/profile_images/677210982616195072/DWj4oUuT_400x400.png,
yellowpages.com,Yellow Pages for Biz,https://twitter.com/Yellow_PagesBiz,https://pbs.twimg.com/profile_images/875447984699437057/eIyDWJSE_400x400.jpg,
support.google.com,N/A,N/A,N/A,
support.apple.com,Apple Support,https://twitter.com/AppleSupport,https://pbs.twimg.com/profile_images/1174747027986452480/cSlw47L-_400x400.png,
mylife.com,MyLife.com,https://twitter.com/mylifecom,https://pbs.twimg.com/profile_images/510149986802094080/bjVmYUbg_400x400.png,
dictionary.com,Dictionary.com,https://twitter.com/Dictionarycom,https://pbs.twimg.com/profile_images/1310936262585454592/cNS0WaAc_400x400.jpg,
crunchbase.com,crunchbase,https://twitter.com/crunchbase,https://pbs.twimg.com/profile_images/1412459605481996292/QyGkyzSH_400x400.jpg,
britannica.com,N/A,N/A,N/A,
support.microsoft.com,Microsoft Support,https://twitter.com/MicrosoftHelps,https://pbs.twimg.com/profile_images/1402010854694920193/r4WvBWHm_400x400.jpg,
zillow.com,Zillow,https://twitter.com/zillow,https://pbs.twimg.com/profile_images/1278382932369932288/qhP9fwM0_400x400.jpg,
mapquest.com,MapQuest,https://twitter.com/MapQuest,https://pbs.twimg.com/profile_images/643596758933708800/fZXiZy9v_400x400.png,
indeed.com,Indeed,https://twitter.com/IndeedAU,https://pbs.twimg.com/profile_images/1411857215695200256/OR7L11Bl_400x400.jpg,
google.com,Google,https://twitter.com/Google,https://pbs.twimg.com/profile_images/1455185376876826625/s1AjSxph_400x400.jpg,
webmd.com,WebMD,https://twitter.com/WebMD,https://pbs.twimg.com/profile_images/1376926482728169480/mydZb5Jq_400x400.png,
thefreedictionary.com,N/A,N/A,N/A,
whitepages.com,Whitepages,https://twitter.com/Whitepages,https://pbs.twimg.com/profile_images/1017074571365806081/5c8bdwDq_400x400.jpg,
wikihow.com,wikiHow,https://twitter.com/wikiHow,https://pbs.twimg.com/profile_images/1248691491465125889/b4lcP9BL_400x400.jpg,
cdc.gov,CDC,https://twitter.com/CDCgov,https://pbs.twimg.com/profile_images/880104586211581952/KPwn1JyQ_400x400.jpg,
realtor.com,Realtor.com,https://twitter.com/realtordotcom,https://pbs.twimg.com/profile_images/1410598720056414225/p6XuSZE-_400x400.png,
researchgate.net,N/A,N/A,N/A,
ncbi.nlm.nih.gov,N/A,N/A,N/A,
mayoclinic.org,Mayo Clinic,https://twitter.com/MayoClinic,https://pbs.twimg.com/profile_images/1105095948571738112/ly_P2Irt_400x400.png,
pubmed.ncbi.nlm.nih.gov,N/A,N/A,N/A,
dictionary.cambridge.org,"Cambridge Dictionary
",https://twitter.com/CambridgeWords,https://pbs.twimg.com/profile_images/1366312771265118208/IPpPAFEn_400x400.png,
sciencedirect.com,N/A,N/A,N/A,
timeanddate.com,timeanddate.com,https://twitter.com/timeanddate,https://pbs.twimg.com/profile_images/1453259564837711877/Pfbuue3Q_400x400.jpg,
aws.amazon.com,N/A,N/A,N/A,
discussions.apple.com,N/A,N/A,N/A,
chrome.google.com,Chrome,https://twitter.com/googlechrome,https://twitter.com/googlechrome,
spokeo.com,N/A,N/A,N/A,
business.facebook.com,N/A,N/A,N/A,
urbandictionary.com,Urban Dictionary,https://twitter.com/urbandictionary,https://pbs.twimg.com/profile_images/1149416858426081280/uvwDuyqS_400x400.png,
zoominfo.com,ZoomInfo,https://twitter.com/ZoomInfo,https://pbs.twimg.com/profile_images/1427277112562618370/B4kfse2A_400x400.jpg,
trulia.com,"Trulia
",https://twitter.com/trulia,https://pbs.twimg.com/profile_images/1143516343473332224/JLLJ1BHr_400x400.jpg,
legacy.com,Legacy.com,https://twitter.com/LegacyObits,https://pbs.twimg.com/profile_images/940969972062355456/bVE5e8RA_400x400.jpg,
irs.gov,N/A,N/A,N/A,
expedia.com,Expedia,https://twitter.com/Expedia,https://pbs.twimg.com/profile_images/1384156663507087361/n-PA3s9K_400x400.jpg,
redfin.com,N/A,N/A,N/A,
accuweather.com,AccuWeather,https://twitter.com/accuweather,https://pbs.twimg.com/profile_images/1411314438980898820/jEgCvO-I_400x400.jpg,
weather.com,N/A,N/A,N/A,
thesaurus.com,Thesaurus.com,https://twitter.com/thesauruscom,https://pbs.twimg.com/profile_images/1309214631932592131/VUM-zPZl_400x400.jpg,
nuwber.com,N/A,N/A,N/A,
quizlet.com,Quizlet.com,https://twitter.com/quizlet,https://twitter.com/quizlet/photo,
bbb.org,BBB El Paso,https://twitter.com/BBBPasodelNorte,https://pbs.twimg.com/profile_images/930493811154980864/QMLzdvqA_400x400.jpg,
vocabulary.com,vocabulary.com,https://twitter.com/VocabularyCom,https://twitter.com/VocabularyCom/photo,
truepeoplesearch.com,N/A,N/A,N/A,
drugs.com,Drugs.com,https://twitter.com/drugscom,https://twitter.com/Drugscom/photo,
en.wiktionary.org,N/A,N/A,N/A,
serverfault.com,Stack Overflow,https://twitter.com/stackoverflow,https://twitter.com/StackOverflow/photo,
cloud.google.com,N/A,N/A,N/A,
steamcommunity.com,N/A,N/A,N/A,
yourdictionary.com,yourdictionary.com,https://twitter.com/YourDictionary,https://twitter.com/YourDictionary/photo,
opentable.com,OpenTable,https://twitter.com/opentable,https://twitter.com/OpenTable/header_photo,
coinmarketcap.com,CoinMarketCap,https://twitter.com/CoinMarketCap,https://twitter.com/CoinMarketCap/photo,
wordhippo.com,N/A,N/A,N/A,
bizapedia.com,N/A,N/A,N/A,
digitalocean.com,N/A,N/A,N/A,
foursquare.com,N/A,N/A,N/A,
collinsdictionary.com,Collins Dictionary,https://twitter.com/collinsdict,https://twitter.com/CollinsDict/photo,
healthgrades.com,Healthgrades,https://twitter.com/Healthgrades,https://twitter.com/Healthgrades/photo,
dnb.com,Dun & Bradstreet,https://twitter.com/DunBradstreet,https://twitter.com/DunBradstreet/photo,
rapidtables.com,N/A,N/A,N/A,
academia.edu,N/A,N/A,N/A,
booking.com,N/A,N/A,N/A,
apple.stackexchange.com,Stack Overflow,https://twitter.com/stackoverflow,https://twitter.com/StackOverflow/photo,
azlyrics.com,N/A,N/A,N/A,
fda.gov,U.S. FDA,https://twitter.com/US_FDA,https://twitter.com/US_FDA/photo,
houzz.com,houzz,https://twitter.com/Houzz,https://twitter.com/houzz/photo,
clustrmaps.com,ClustrMaps,https://twitter.com/intent/follow?original_referer=https%3A%2F%2Fclustrmaps.com%2F&ref_src=twsrc%5Etfw%7Ctwcamp%5Ebuttonembed%7Ctwterm%5Efollow%7Ctwgr%5EClustrMaps&screen_name=ClustrMaps,https://twitter.com/clustrmaps/photo,
doctor.webmd.com,WebMD,https://twitter.com/webmd,https://twitter.com/WebMD/photo,
allmenus.com,N/A,N/A,N/A,
wunderground.com,N/A,N/A,N/A,
att.com,AT&T,https://twitter.com/att,https://twitter.com/ATT/photo,
community.spiceworks.com,"Spiceworks
",https://twitter.com/spiceworks,https://twitter.com/Spiceworks/photo,
lexico.com,"Lexico
",,,
definitions.net,Definitions,,,
kayak.com,Kayak,,,
pitchbook.com,"Pitchbook
",,,
link.springer.com,Springer,,,
24timezones.com,,,,
findagrave.com,,,,
calculateme.com,,,,
store.steampowered.com,,,,
answers.com,,,,
techcommunity.microsoft.com,,,,
answers.microsoft.com,,,,
medlineplus.gov,,,,
city-data.com,,,,
gamefaqs.gamespot.com,,,,
nps.gov,,,,
health.usnews.com,,,,
acronyms.thefreedictionary.com,,,,
apartments.com,,,,
biography.com,,,,
ballotpedia.org,,,,
zapier.com,,,,
helpx.adobe.com,,,,
cyberciti.biz,,,,
sites.google.com,,,,
law.cornell.edu,,,,
books.google.com,,,,
instructables.com,,,,
goodrx.com,,,,
instantcheckmate.com,,,,
ticketmaster.com,,,,
muckrack.com,,,,
study.com,,,,
niche.com,,,,
bankrate.com,,,,
convertunits.com,,,,
corporatefinanceinstitute.com,,,,
askinglot.com,,,,
statista.com,,,,
stocktwits.com,,,,
sec.gov,,,,
trustpilot.com,,,,
health.harvard.edu,,,,
my.clevelandclinic.org,,,,
,,,,
coinbase.com,Coin Base,https://twitter.com/coinbase,https://twitter.com/coinbase/photo,
justanswer.com,,,,
spanishdict.com,,,,
forums.macrumors.com,,,,
medicinenet.com,,,,
menupix.com,,,,
linuxize.com,,,,
coingecko.com,,,,
autotrader.com,,,,
t-mobile.com,,,,
marriott.com,,,,
craft.co,,,,
hopkinsmedicine.org,,,,
superuser.com,,,,
phoenixnap.com,,,,
travelocity.com,,,,
adobe.com,,,,
travel.state.gov,,,,
loopnet.com,,,,
ancestry.com,,,,
airbnb.com,,,,
coldwellbankerhomes.com,,,,
azure.microsoft.com,,,,
vitals.com,,,,
ibm.com,,,,
kbb.com,,,,
neeva.com,,,,
biblegateway.com,,,,
atlassian.com,,,,
support.zoom.us,,,,
hotels.com,,,,
worldtimebuddy.com,,,,
weather.gov,,,,
scholar.google.com,,,,
homes.com,,,,
idioms.thefreedictionary.com,,,,
slideshare.net,,,,
mass.gov,,,,
ziprecruiter.com,,,,
wordpress.org,,,,
www1.nyc.gov,,,,
wordplays.com,,,,
findanyanswer.com,,,,
unitconverters.net,,,,
byjus.com,,,,
chase.com,,,,
beenverified.com,,,,
corporationwiki.com,,,,
rome2rio.com,,,,
eventbrite.com,,,,
onlinelibrary.wiley.com,,,,
manta.com,,,,
bing.com,,,,
powerthesaurus.org,,,,
mathsisfun.com,,,,
chegg.com,,,,
tesla.com,,,,
lyrics.com,,,,
laptopmag.com,,,,
xnxx.com,,,,
last.fm,,,,
thrillist.com,,,,
united.com,,,,
time.is,,,,
appletoolbox.com,,,,
khanacademy.org,,,,
groupon.com,,,,
blog.hubspot.com,,,,
cargurus.com,,,,
workspace.google.com,,,,
jstor.org,,,,
theculturetrip.com,,,,
mathworks.com,,,,
cisco.com,,,,
xe.com,,,,
opencorporates.com,,,,
pro-football-reference.com,,,,
calculator.net,,,,
avvo.com,,,,
downdetector.com,,,,
ups.com,,,,
rxlist.com,,,,
worldatlas.com,,,,
slack.com,,,,
tradingview.com,,,,
baseball-reference.com,,,,
reverb.com,,,,
wine-searcher.com,,,,
xfinity.com,,,,
support.mozilla.org,,,,
search.yahoo.com,,,,
songfacts.com,,,,
medical-dictionary.thefreedictionary.com,,,,
wallethub.com,,,,
fidelity.com,,,,
theweathernetwork.com,,,,
usa.gov,,,,
countyoffice.org,,,,
social.technet.microsoft.com,,,,
census.gov,,,,
math.stackexchange.com,,,,
remax.com,,,,
collider.com,,,,
rocketreach.co,,,,
upgradedpoints.com,,,,
addons.mozilla.org,,,,
semanticscholar.org,,,,
biblehub.com,,,,
greenwichmeantime.com,,,,
wise.com,,,,
support.hp.com,,,,
kinsta.com,,,,
americanexpress.com,,,,
justice.gov,,,,
flightaware.com,,,,
epa.gov,,,,
aarp.org,,,,
draxe.com,,,,
lg.com,,,,
reference.com,,,,
movoto.com,,,,
courses.lumenlearning.com,,,,
seamless.com,,,,
learn4good.com,,,,
allacronyms.com,,,,
carfax.com,,,,
cms.gov,,,,
law.justia.com,,,,
usps.com,,,,
songlyrics.com,,,,
retailmenot.com,,,,
tenforums.com,,,,
delta.com,,,,
marketplace.visualstudio.com,,,,
groups.google.com,,,,
freethesaurus.com,,,,
echovita.com,,,,
nolo.com,,,,
academic.oup.com,,,,
grammarly.com,,,,
simple.wikipedia.org,,,,
rd.com,,,,
tabs.ultimate-guitar.com,,,,
exceljet.net,,,,
geni.com,,,,
idownloadblog.com,,,,
mcmaster.com,,,,
metric-conversions.org,,,,
weatherbug.com,,,,
fedex.com,,,,
pubchem.ncbi.nlm.nih.gov,,,,
gov.uk,,,,
barrons.com,,,,
appuals.com,,,,
online-calculator.org,,,,
healthcare4ppl.com,,,,
ssa.gov,,,,
worldpopulationreview.com,,,,
homeadvisor.com,,,,
coolconversion.com,,,,
ablebits.com,,,,
mvorganizing.org,,,,
store.google.com,,,,
akc.org,,,,
quickbooks.intuit.com,,,,
nvidia.com,,,,
aa.com,,,,
onlyinyourstate.com,,,,
nhs.uk,,,,
local.fedex.com,,,,
uscis.gov,,,,
clark.com,,,,
npiprofile.com,,,,
marriedbiography.com,,,,
loc.gov,,,,
setapp.com,,,,
minitool.com,,,,
theunitconverter.com,,,,
acronymfinder.com,,,,
help.neeva.com,,,,
health.clevelandclinic.org,,,,
zacks.com,,,,
careerkarma.com,,,,
voterrecords.com,,,,
worldtimeserver.com,,,,
access.redhat.com,,,,
en.freedownloadmanager.org,,,,
bankofamerica.com,,,,
english.stackexchange.com,,,,
who.int,,,,
stripe.com,,,,
grubhub.com,,,,
calculatorsoup.com,,,,
intellipaat.com,,,,
nasa.gov,,,,
asknumbers.com,,,,
webapps.stackexchange.com,,,,
answerstoall.com,,,,
savvytime.com,,,,
crosswordeg.com,,,,
thecalculatorsite.com,,,,
ubuntu.com,,,,
streeteasy.com,,,,
dictionary.reverso.net,,,,
songmeanings.com,,,,
twilio.com,,,,
gethuman.com,,,,
kite.com,,,,
biblestudytools.com,,,,
almanac.com,,,,
theconversation.com,,,,
social.msdn.microsoft.com,,,,
schwab.com,,,,
linustechtips.com,,,,
healthtap.com,,,,
home-assistant.io,,,,
dmv.org,,,,
manualslib.com,,,,
kickstarter.com,,,,
community.adobe.com,,,,
aafp.org,,,,
edu.gcfglobal.org,,,,
maps.google.com,,,,
ubereats.com,,,,
dandb.com,,,,
asus.com,,,,
tex.stackexchange.com,,,,
offers.com,,,,
tunein.com,,,,
treehozz.com,,,,
seatgeek.com,,,,
popsugar.com,,,,
dollartimes.com,,,,
decrypt.co,,,,
relationshipscience.com,,,,
homemetry.com,,,,
hp.com,,,,
frontiersin.org,,,,
coursera.org,,,,
lifehack.org,,,,
macpaw.com,,,,
worldometers.info,,,,
liveabout.com,,,,
forecast.weather.gov,,,,
technipages.com,,,,
thefamouspeople.com,,,,
investor.vanguard.com,,,,
stackshare.io,,,,
orbitz.com,,,,
easeus.com,,,,
oracle.com,,,,
community.atlassian.com,,,,
caredash.com,,,,
thewrap.com,,,,
dzone.com,,,,
iheart.com,,,,
travelmath.com,,,,
ehow.com,,,,
betterprogramming.pub,,,,
phonearena.com,,,,
superpages.com,,,,
chamberofcommerce.com,,,,
finder.com,,,,
auth0.com,,,,
cloudflare.com,,,,
plato.stanford.edu,,,,
peekyou.com,,,,
redhat.com,,,,
upcounsel.com,,,,
godaddy.com,,,,
marriedwiki.com,,,,
coupons.cnn.com,,,,
rehold.com,,,,
encyclopedia.com,,,,
congress.gov,,,,
patreon.com,,,,
opensea.io,,,,
salary.com,,,,
overleaf.com,,,,
cambridge.org,,,,
energy.gov,,,,
stats.stackexchange.com,,,,
creditcards.com,,,,
zhuanlan.zhihu.com,,,,
angel.co,,,,
solvhealth.com,,,,
carmax.com,,,,
truecar.com,,,,
bls.gov,,,,
security.stackexchange.com,,,,
whitehouse.gov,,,,
federalpay.org,,,,
journals.sagepub.com,,,,
exchangerate.guru,,,,
xbox.com,,,,
paypal.com,,,,
southwest.com,,,,
etfdb.com,,,,
wordnik.com,,,,
mathway.com,,,,
nintendo.com,,,,
themoneyconverter.com,,,,
europepmc.org,,,,
teamblind.com,,,,
sony.com,,,,
motorbiscuit.com,,,,
forums.aws.amazon.com,,,,
compass.com,,,,
consumer.ftc.gov,,,,
vitadox.com,,,,
microsoftedge.microsoft.com,,,,
spark.apache.org,,,,
fs.usda.gov,,,,
stubhub.com,,,,
ionos.com,,,,
support.logi.com,,,,
salesforce.com,,,,
